,Model,Dataset,Entities,Seasonality,Mean_MASE,Median_MASE,Mean_MAE,Median_MAE,Mean_RMSE,Median_RMSE
0,prophet,nyu_call_report_cash_liquidity,7814,4,23.97481404645943,2.484079008447083,3.6799669015513334,0.221823463569793,4.625605653992768,0.27686127427029716
