,Model,Dataset,Entities,Seasonality,Mean_MASE,Median_MASE,Mean_MAE,Median_MAE,Mean_RMSE,Median_RMSE
0,prophet,treasury_swap_basis,7,12,7.022090010141149,1.4144382269418747,0.24933632143891246,0.1646017891123806,0.29150350611082726,0.19427343202688638
