,Model,Dataset,Entities,Seasonality,Mean_MASE,Median_MASE,Mean_MAE,Median_MAE,Mean_RMSE,Median_RMSE
0,ses,corp_bond_portfolio_returns,10,12,1.0662139753215925,1.0892546023169023,0.11760123353693488,0.10580752589015124,0.16146816343708195,0.1477981618812886
