Dataset_Short,Historic Average,Auto ARIMA,Theta,Auto DeepAR,Auto N-BEATS,Auto N-HiTS,Auto DLinear,Auto NLinear,Auto TiDE,Auto KAN
CDS Portfolio Returns,,1.6977328836917878,0.8670811131596565,,,,,,,
Corporate Portfolio Returns,1.29003187417984,1.298237109184265,1.3354534745216369,1.5227918684482575,1.174672931432724,1.1511590719223022,1.17393861413002,1.150328278541565,1.1569405436515807,1.160092717409134
HKM All Factor Returns,2.7158183157444,1.5600900650024414,1.6725988537073135,4.853946626186371,3.2361857891082764,3.2560164779424667,4.248983755707741,4.402141690254211,4.272289723157883,4.113828122615814
HKM Monthly Factor Returns,2.215903103351593,1.791220873594284,1.7260086834430697,3.181289702653885,36.84671187400818,9.737723469734192,6.304977983236313,7.350784152746201,5.501775085926056,9.211433857679369
HKM Option Returns,1.5488253732522328,2.00924854973952,2.160107415583399,1.7385919822586908,1.5163855188422732,1.458985461129083,1.5499222377936046,1.51918921371301,1.5928011288245518,1.5190346903271146
Treasury Portfolio Returns,,1.4112720847129825,1.4588645339012145,,,,,,,
