Dataset_Short,Historic Average,Auto ARIMA,Theta,Auto DeepAR,Auto N-BEATS,Auto N-HiTS,Auto DLinear,Auto NLinear,Auto TiDE,Auto KAN
CDS Portfolio Returns,,0.0016173049301869,0.0009077670971237,,,,,,,
Corporate Portfolio Returns,0.0283107792958617,0.0283299200236797,0.0290154416114091,0.0299615840427577,0.0250885803252458,0.0249597823712974,0.0249982191249728,0.024742429330945,0.0246786000672727,0.0250189403071999
HKM All Factor Returns,45.454026996623725,41.8746488787001,43.5720185812097,104.93308373820037,98.5982996202074,85.20772894565016,105.5178800644353,106.77588206809014,105.5264217890799,95.89783992711456
HKM Monthly Factor Returns,44.20972030446865,22.097796532092616,20.801266335649416,70.64531701663509,1544.494630029425,262.3172449050471,172.9314308729954,196.15918788779527,153.5819389994722,363.02665043692105
HKM Option Returns,0.0324859609309997,0.0379892554548051,0.0401175565396746,0.0360958038104905,0.0337929745308227,0.0330255141792198,0.0342569401901629,0.033952647095753,0.0345788086350593,0.033677406505578
Treasury Portfolio Returns,,0.0107542987912893,0.0111499634338542,,,,,,,
