,Model,Dataset,Entities,Seasonality,Mean_MASE,Median_MASE,Mean_MAE,Median_MAE,Mean_RMSE,Median_RMSE
0,auto_ces,nyu_call_report_cash_liquidity,7814,4,629.7060918925052,1.9650123825883221,27.434034608795184,0.18180910533401257,38.53923336347623,0.23497009437945554
