,Model,Dataset,Entities,Seasonality,Mean_MASE,Median_MASE,Mean_MAE,Median_MAE,Mean_RMSE,Median_RMSE
0,auto_ets,treas_bond_returns,291,12,50.55000186739569,3.9228784785022133,6.83578269168529,0.07075772379614592,8.464466348632675,0.09514361308244554
