,Model,Dataset,Entities,Seasonality,Mean_MASE,Median_MASE,Mean_MAE,Median_MAE,Mean_RMSE,Median_RMSE
0,auto_arima,tips_treasury_basis,4,12,0.4717541234239361,0.4880440406988161,0.04547917214852439,0.046660786538234356,0.06103242222159066,0.06351608462996723
