,Model,Dataset,Entities,Seasonality,Mean_MASE,Median_MASE,Mean_MAE,Median_MAE,Mean_RMSE,Median_RMSE
0,pr,nyu_call_report_cash_liquidity,7814,4,36.562144927458114,2.908980308015218,6.933738143721157,0.2572110678834265,7.7441720406125745,0.31285549682096836
